timestamp,open,high,low,close,volume
1641081600000,1828.604,1831.624,1827.898,1828.354,0.6929
1641168000000,1828.294,1831.458,1798.189,1804.028,36.6012
1641254400000,1804.024,1816.688,1798.388,1813.788,37.4236
1641340800000,1813.815,1829.584,1808.168,1810.178,42.012
1641427200000,1810.228,1811.438,1786.288,1791.278,49.8755
1641513600000,1791.255,1798.515,1782.495,1795.808,40.9534
1641686400000,1793.955,1796.098,1793.685,1795.048,0.7818
1641772800000,1795.048,1802.848,1790.235,1801.088,42.463
1641859200000,1801.088,1823.228,1801.055,1820.588,40.4649
1641945600000,1820.588,1827.984,1814.578,1825.168,39.0358
1642032000000,1825.168,1828.058,1812.228,1820.728,37.3278
1642118400000,1820.728,1829.048,1814.578,1817.418,40.0432
1642291200000,1817.044,1819.254,1815.768,1816.268,0.7955
1642377600000,1816.268,1823.088,1813,1818.938,20.5563
1642464000000,1818.938,1822.644,1805.658,1814.158,51.7838
1642550400000,1814.168,1843.318,1810.143,1838.414,47.175
1642636800000,1838.424,1847.804,1835.808,1838.808,50.0706
1642723200000,1838.848,1843.108,1828.384,1834.328,51.9344
1642896000000,1834.524,1836.948,1831.428,1834.598,1.2333
1642982400000,1834.588,1844.208,1829.558,1843.538,62.929
1643068800000,1843.538,1853.748,1834.838,1849.398,52.6203
1643155200000,1849.355,1849.448,1814.838,1821.828,56.4664
1643241600000,1821.848,1821.858,1791.678,1797.158,58.468
1643328000000,1797.158,1799.308,1780.158,1791.028,55.547
1643500800000,1791.928,1791.928,1788.338,1789.408,1.1678
1643587200000,1789.408,1799.805,1785.458,1797.748,44.6069
1643673600000,1797.708,1808.638,1795.625,1800.578,40.8987
1643760000000,1800.578,1810.718,1794.358,1807.755,38.9717
1643846400000,1807.798,1808.875,1788.538,1805.608,55.308
1643932800000,1805.608,1814.798,1792.018,1807.558,54.6017
1644105600000,1806.719,1811.308,1806.678,1809.934,1.4873
1644192000000,1809.968,1823.458,1808.638,1821.878,75.9047
1644278400000,1821.878,1828.664,1815.314,1825.838,57.2411
1644364800000,1825.854,1835.708,1824.538,1832.508,43.2235
1644451200000,1832.518,1841.838,1821.534,1826.708,62.5243
1644537600000,1826.708,1865.378,1820.838,1857.898,67.7893
1644710400000,1859.233,1862.028,1855.308,1859.404,1.6907
1644796800000,1859.428,1874.018,1850.698,1870.948,75.157
1644883200000,1870.928,1879.378,1844.398,1852.848,58.5865
1644969600000,1852.848,1872.498,1850.188,1869.788,52.2008
1645056000000,1869.808,1901.016,1867.698,1899.878,70.5174
1645142400000,1899.903,1902.358,1886.478,1897.768,57.7066
1645315200000,1900.818,1906.348,1896.651,1904.758,1.23
1645401600000,1904.758,1914.023,1887.453,1909.448,56.0807
1645488000000,1909.418,1913.798,1891.268,1898.148,70.4825
1645574400000,1898.148,1911.458,1889.548,1910.623,58.2233
1645660800000,1910.643,1974.398,1877.938,1906.398,109.1246
1645747200000,1906.398,1921.478,1882.828,1888.528,74.6189
1645920000000,1919.206,1930.948,1904.208,1910.038,2.415
1646006400000,1910.038,1919.288,1890.768,1906.178,80.6652
1646092800000,1906.178,1950.078,1901.268,1942.188,90.6322
1646179200000,1942.188,1947.788,1913.738,1928.668,75.6177
1646265600000,1928.668,1941.203,1921.906,1934.807,79.2719
1646352000000,1934.807,1970.648,1929.498,1969.848,102.9745
1646524800000,1974.472,1991.358,1974.192,1988.608,2.9835
1646611200000,1988.608,2002.518,1960.878,1998.608,91.8809
1646697600000,1998.678,2070.358,1980.938,2043.648,86.0592
1646784000000,2043.728,2059.068,1976.008,1989.728,75.9872
1646870400000,1989.728,2009.062,1970.508,1995.168,55.2198
1646956800000,1995.168,1997.142,1958.438,1988.248,40.4956
1647129600000,1984.742,1990.308,1970.548,1974.108,1.449
1647216000000,1974.148,1978.662,1949.628,1952.058,38.1576
1647302400000,1952.058,1952.088,1906.948,1917.853,48.3583
1647388800000,1917.829,1929.328,1894.948,1926.898,48.18
1647475200000,1926.888,1949.748,1925.363,1943.778,40.0233
1647561600000,1943.765,1945.203,1917.798,1921.198,32.6508
1647734400000,1921.358,1926.168,1918.058,1918.938,1.595
1647820800000,1918.928,1941.168,1917.858,1935.488,32.0167
1647907200000,1935.488,1938.268,1910.508,1919.543,36.9815
1647993600000,1919.523,1948.293,1915.453,1945.968,34.2654
1648080000000,1945.919,1966.083,1937.278,1959.155,37.3292
1648166400000,1959.155,1964.153,1942.998,1957.688,49.4238
1648339200000,1956.968,1959.053,1954.613,1957.063,1.4377
1648425600000,1957.063,1958.258,1916.838,1923.918,57.5945
1648512000000,1923.938,1929.168,1889.998,1916.268,60.2582
1648598400000,1916.298,1938.428,1915.788,1933.958,46.6273
1648684800000,1933.938,1949.723,1918.988,1936.675,50.5386
1648771200000,1936.675,1939.358,1917.908,1924.778,39.7178
1648944000000,1923.788,1925.758,1921.308,1924.578,1.2719
1649030400000,1924.578,1936.878,1915.328,1931.428,41.2097
1649116800000,1931.428,1944.463,1917.838,1920.518,40.0583
1649203200000,1920.458,1933.348,1915.038,1923.632,49.7514
1649289600000,1923.678,1937.708,1920.378,1932.848,62.1329
1649376000000,1932.878,1948.088,1927.548,1947.138,40.3812
1649548800000,1946.138,1949.838,1943.118,1944.578,1.4976
1649635200000,1944.578,1969.558,1939.882,1952.638,53.1017
1649721600000,1952.638,1978.508,1949.518,1965.758,46.4751
1649808000000,1965.752,1981.482,1962.718,1977.062,46.7202
1649894400000,1977.088,1980.248,1960.412,1973.218,46.4691
1650153600000,1974.038,1988.028,1970.838,1986.622,3.7726
1650240000000,1986.618,1998.268,1976.122,1977.058,44.2569
1650326400000,1977.068,1981.848,1943.588,1949.618,53.235
1650412800000,1949.592,1958.208,1939.16,1956.662,55.6239
1650499200000,1956.658,1957.278,1936.632,1950.848,50.2337
1650585600000,1950.848,1955.482,1926.458,1930.708,59.0597
1650758400000,1930.523,1934.328,1927.953,1932.508,1.7041
1650844800000,1932.568,1932.663,1891.373,1899.258,63.1226
1650931200000,1899.248,1911.108,1895.608,1906.453,52.159
1651017600000,1906.458,1906.898,1881.248,1885.513,58.657
1651104000000,1885.493,1896.608,1871.938,1895.428,55.4105
1651190400000,1895.418,1919.838,1894.373,1895.748,55.5531
1651363200000,1895.635,1899.788,1895.338,1897.118,2.3259
1651449600000,1897.118,1898.373,1854.468,1863.098,52.3277
1651536000000,1863.098,1877.998,1850.308,1868.278,46.0641
1651622400000,1868.278,1893.998,1861.298,1893.814,47.2495
1651708800000,1893.814,1909.633,1872.358,1874.078,63.2113
1651795200000,1874.063,1892.373,1866.001,1883.148,53.8395
1651968000000,1883.068,1885.558,1879.778,1881.128,1.691
1652054400000,1881.118,1881.988,1851.558,1854.565,53.6508
1652140800000,1854.565,1865.278,1833.218,1833.463,56.3087
1652227200000,1833.463,1858.018,1831.838,1853.963,54.6657
1652313600000,1854.058,1858.708,1810.734,1821.248,62.5374
1652400000000,1821.248,1828.678,1798.968,1810.678,44.9026
1652572800000,1809.648,1814.768,1809.628,1813.078,1.6198
1652659200000,1813.048,1829.268,1786.638,1826.254,46.5409
1652745600000,1826.393,1835.998,1812.778,1814.428,54.6392
1652832000000,1814.398,1824.614,1807.228,1815.938,48.911
1652918400000,1815.948,1849.053,1810.798,1841.944,49.8631
1653004800000,1841.973,1849.304,1832.178,1845.738,39.1264
1653177600000,1844.686,1857.858,1843.353,1846.218,1.3688
1653264000000,1846.218,1865.334,1845.648,1853.758,37.9789
1653350400000,1853.768,1869.573,1849.208,1867.345,33.8985
1653436800000,1867.345,1867.878,1842.138,1853.908,31.1082
1653523200000,1853.908,1854.218,1840.798,1852.628,35.2518
1653609600000,1852.648,1861.838,1847.828,1852.838,29.1834
1653782400000,1852.538,1853.788,1848.008,1849.753,0.7477
1653868800000,1849.748,1863.883,1848.598,1852.358,17.5417
1653955200000,1852.328,1857.018,1834.858,1836.328,36.2097
1654041600000,1836.318,1849.894,1828.358,1845.864,34.105
1654128000000,1845.864,1870.508,1843.908,1869.718,28.2344
1654214400000,1869.738,1873.963,1847.273,1850.338,29.4392
1654387200000,1850.618,1853.113,1849.538,1851.458,0.6229
1654473600000,1851.468,1857.748,1837.798,1839.288,31.9271
1654560000000,1839.268,1855.458,1836.923,1853.458,30.9529
1654646400000,1853.548,1859.573,1844.478,1852.643,29.4729
1654732800000,1852.673,1855.268,1839.91,1846.794,33.1182
1654819200000,1846.798,1875.868,1824.948,1871.038,41.4463
1654992000000,1874.938,1878.763,1873.638,1876.883,1.714
1655078400000,1876.878,1877.363,1809.153,1820.878,56.1312
1655164800000,1820.833,1831.538,1804.963,1810.773,52.7639
1655251200000,1810.813,1841.838,1808.528,1833.708,56.2927
1655337600000,1833.708,1857.418,1814.718,1850.634,51.2082
1655424000000,1850.638,1852.953,1833.714,1838.778,46.1064
1655596800000,1837.448,1840.228,1834.493,1838.318,1.1573
1655683200000,1838.318,1845.998,1834.998,1838.988,27.4449
1655769600000,1838.936,1843.518,1828.424,1831.325,39.3006
1655856000000,1831.325,1847.778,1823.288,1836.428,40.356
1655942400000,1836.438,1846.238,1822.388,1824.448,47.7402
1656028800000,1824.443,1831.686,1816.898,1825.858,41.4104
1656201600000,1837.376,1839.363,1829.858,1830.928,1.6672
1656288000000,1830.918,1840.948,1820.678,1823.443,42.8255
1656374400000,1823.423,1829.412,1818.148,1818.298,34.1948
1656460800000,1818.308,1832.958,1811.978,1818.763,39.7403
1656547200000,1818.768,1825.008,1802.618,1806.428,43.1957
1656633600000,1806.448,1811.698,1784.397,1810.598,46.7654
1656806400000,1812.078,1812.169,1807.868,1807.924,1.105
1656892800000,1808.215,1814.198,1803.836,1809.108,24.4899
1656979200000,1809.158,1812.058,1763.748,1769.364,48.1547
1657065600000,1769.364,1772.784,1732.128,1739.818,55.5365
1657152000000,1739.834,1749.014,1736.358,1741.628,41.8
1657238400000,1741.738,1752.387,1732.919,1741.838,40.8937
1657411200000,1742.848,1744.528,1740.098,1741.828,0.7878
1657497600000,1741.828,1743.374,1731.128,1733.104,42.2448
1657584000000,1733.128,1744.098,1723.048,1725.218,46.0154
1657670400000,1725.218,1745.284,1706.948,1731.914,57.4734
1657756800000,1731.914,1733.464,1697.438,1711.504,59.264
1657843200000,1711.504,1716.518,1698.948,1707.798,43.0772
1658016000000,1707.238,1710.528,1705.758,1710.174,1.3913
1658102400000,1710.138,1723.798,1706.584,1708.144,43.9392
1658188800000,1708.124,1718.321,1705.224,1709.888,35.2033
1658275200000,1709.838,1714.411,1692.338,1695.308,36.1181
1658361600000,1695.298,1720.238,1680.748,1718.036,45.5938
1658448000000,1718.036,1739.253,1712.724,1726.618,38.5804
1658620800000,1728.148,1728.148,1724.148,1724.598,1.0556
1658707200000,1724.578,1736.174,1714.653,1718.878,39.9941
1658793600000,1718.998,1728.074,1713.534,1717.814,35.6791
1658880000000,1717.808,1740.138,1711.315,1738.628,39.3268
1658966400000,1738.618,1757.004,1733.828,1754.738,42.6367
1659052800000,1754.828,1767.784,1751.928,1765.698,38.5749
1659225600000,1764.809,1766.11,1760.728,1762.078,0.9754
1659312000000,1762.078,1775.314,1758.208,1772.158,41.5176
1659398400000,1772.158,1787.928,1754.828,1756.648,44.7452
1659484800000,1756.618,1772.662,1754.198,1763.615,35.8506
1659571200000,1763.615,1794.898,1763.258,1793.264,36.054
1659657600000,1793.264,1794.764,1764.907,1774.718,39.401
1659830400000,1773.748,1774.968,1770.565,1774.438,0.8763
1659916800000,1774.428,1790.564,1771.01,1789.034,33.8962
1660003200000,1789.044,1800.364,1783.038,1793.968,30.5938
1660089600000,1793.988,1807.768,1787.478,1791.528,36.9617
1660176000000,1791.548,1799.149,1783.378,1788.828,37.9406
1660262400000,1788.814,1802.548,1784.798,1801.778,35.3012
1660435200000,1802.308,1802.308,1798.828,1799.015,0.6835
1660521600000,1799.015,1801.588,1772.818,1778.384,38.0939
1660608000000,1778.474,1783.038,1771.368,1775.488,31.7664
1660694400000,1775.498,1782.194,1759.714,1764.865,40.3037
1660780800000,1764.865,1772.294,1755.218,1758.378,36.1795
1660867200000,1758.355,1758.458,1745.438,1746.498,35.2729
1661040000000,1746.298,1747.958,1744.848,1745.538,0.9571
1661126400000,1745.558,1748.958,1727.668,1735.084,39.2059
1661212800000,1735.084,1753.974,1730.688,1745.868,40.6946
1661299200000,1745.848,1755.798,1742.355,1750.908,35.3098
1661385600000,1750.898,1765.368,1749.828,1756.255,33.9044
1661472000000,1756.255,1758.684,1734.058,1737.338,38.6326
1661644800000,1736.068,1738.348,1733.258,1734.654,1.5695
1661731200000,1734.664,1745.418,1720.208,1739.348,36.8815
1661817600000,1739.398,1740.334,1721.098,1723.198,40.2524
1661904000000,1723.198,1726.428,1705.598,1708.818,44.7185
1661990400000,1708.794,1708.794,1688.668,1697.018,39.7255
1662076800000,1697.034,1717.878,1696.178,1711.278,38.5863
1662249600000,1712.598,1713.001,1707.804,1707.995,0.9665
1662336000000,1707.995,1715.668,1707.574,1713.928,20.7322
1662422400000,1713.928,1726.566,1699.708,1703.374,45.4119
1662508800000,1703.408,1719.318,1691.218,1716.528,47.2568
1662595200000,1716.498,1728.095,1703.878,1710.558,49.0334
1662681600000,1710.578,1729.344,1709.698,1715.938,40.9395
1662854400000,1717.058,1720.058,1716.241,1718.335,1.212
1662940800000,1718.335,1735.035,1711.808,1725.155,45.1253
1663027200000,1725.144,1731.71,1696.934,1702.064,54.4085
1663113600000,1702.064,1707.014,1693.518,1697.384,51.6589
1663200000000,1697.404,1697.735,1660.24,1662.355,49.786
1663286400000,1662.355,1680.245,1654.048,1673.898,47.1865
1663459200000,1675.958,1679.865,1673.745,1677.848,1.4967
1663545600000,1677.818,1678.628,1659.583,1675.635,42.7012
1663632000000,1675.615,1679.288,1659.875,1666.281,42.3918
1663718400000,1666.281,1687.948,1653.649,1666.938,55.7336
1663804800000,1666.928,1684.788,1655.536,1672.605,63.5537
1663891200000,1672.605,1675.838,1639.617,1643.598,55.6536
1664064000000,1643.458,1645.565,1640.198,1643.925,1.1607
1664150400000,1643.935,1649.648,1621.033,1627.508,65.8626
1664236800000,1627.495,1642.335,1626.587,1628.718,66.7657
1664323200000,1628.748,1662.645,1614.71,1656.095,64.1309
1664409600000,1656.095,1665.045,1641.408,1664.455,59.8581
1664496000000,1664.495,1675.265,1659.158,1659.978,52.4966
1664668800000,1662.198,1665.268,1660.125,1664.085,1.2394
1664755200000,1664.005,1702.465,1659.595,1700.918,48.2541
1664841600000,1700.918,1729.435,1695.068,1725.424,49.6144
1664928000000,1725.434,1727.664,1700.458,1718.248,54.7534
1665014400000,1718.264,1725.434,1706.812,1711.825,44.0433
1665100800000,1711.825,1714.724,1690.504,1694.458,43.3998
1665273600000,1695.464,1699.714,1695.464,1696.568,0.8202
1665360000000,1696.583,1697.128,1665.478,1669.998,41.5974
1665446400000,1669.998,1683.84,1660.91,1663.955,51.0244
1665532800000,1663.955,1678.215,1661.265,1674.438,48.6047
1665619200000,1674.422,1682.336,1642.288,1663.345,56.3704
1665705600000,1663.265,1671.655,1640.095,1643.618,54.0497
1665878400000,1644.068,1647.568,1643.022,1647.398,1.1806
1665964800000,1647.345,1668.268,1646.198,1650.568,53.2105
1666051200000,1652.408,1657.228,1646.508,1648.017,16.7737
1666137600000,1652.157,1653.248,1626.247,1627.018,74.902
1666224000000,1626.907,1645.438,1622.257,1626.828,82.0862
1666310400000,1626.828,1657.798,1617.067,1657.298,111.8297
1666483200000,1657.608,1670.748,1656.458,1661.148,8.2854
1666569600000,1661.077,1663.248,1643.747,1651.588,95.4003
1666656000000,1651.597,1662.187,1638.098,1652.598,77.0379
1666742400000,1652.637,1674.678,1649.558,1667.358,73.4369
1666828800000,1667.287,1670.648,1654.668,1661.728,78.2965
1666915200000,1661.758,1666.858,1637.898,1644.498,67.7543
1667088000000,1643.398,1645.258,1641.297,1643.368,1.9269
1667174400000,1643.388,1645.488,1631.578,1632.248,53.2915
1667260800000,1632.257,1656.878,1630.477,1646.688,68.6662
1667347200000,1646.878,1669.257,1631.708,1633.578,73.7465
1667433600000,1633.537,1640.858,1616.477,1629.588,76.079
1667520000000,1629.647,1681.718,1629.198,1681.148,85.9623
1667692800000,1674.327,1680.137,1672.107,1672.527,2.3759
1667779200000,1672.698,1681.758,1666.707,1673.918,63.201
1667865600000,1673.867,1716.738,1664.557,1711.367,67.4414
1667952000000,1711.348,1722.168,1702.048,1706.348,77.376
1668038400000,1706.358,1756.998,1703.838,1752.078,82.7427
1668124800000,1751.947,1772.448,1747.108,1771.198,83.5152
1668297600000,1765.917,1766.577,1761.177,1763.348,1.8979
1668384000000,1763.298,1774.938,1753.098,1769.298,64.759
1668470400000,1769.398,1786.367,1766.948,1780.648,101.7124
1668556800000,1780.587,1784.928,1770.167,1773.738,74.521
1668643200000,1773.647,1774.668,1754.268,1759.978,75.5861
1668729600000,1759.897,1767.578,1747.317,1750.398,64.1581
1668902400000,1749.817,1752.518,1749.618,1752.157,1.2284
1668988800000,1752.147,1752.807,1732.338,1738.358,53.1841
1669075200000,1738.287,1749.598,1736.867,1740.998,49.6549
1669161600000,1740.947,1753.177,1728.137,1752.198,60.6771
1669248000000,1752.097,1758.468,1752.088,1755.207,39.1395
1669334400000,1755.167,1760.958,1745.848,1754.417,42.9848
1669507200000,1755.787,1755.787,1749.607,1750.717,1.396
1669593600000,1750.697,1763.618,1739.348,1741.108,62.63
1669680000000,1741.118,1758.898,1740.057,1748.725,55.945
1669766400000,1748.747,1773.348,1744.717,1773.248,68.1669
1669852800000,1773.177,1804.298,1771.798,1802.098,75.5358
1669939200000,1802.198,1802.898,1778.418,1797.248,74.7748
1670112000000,1795.937,1799.178,1794.207,1798.788,1.8466
1670198400000,1798.767,1809.758,1766,1769.157,68.0007
1670284800000,1769.137,1780.728,1767.118,1770.798,61.2039
1670371200000,1770.808,1790.357,1768.588,1786.868,65.663
1670457600000,1786.908,1794.728,1781.268,1789.078,53.3716
1670544000000,1789.037,1805.998,1788.298,1795.397,61.8123
1670716800000,1795.687,1797.067,1794.598,1794.848,1.3132
1670803200000,1794.748,1795.328,1777.417,1781.915,45.1742
1670889600000,1781.885,1824.358,1780.875,1809.575,38.5765
1670976000000,1809.595,1814.035,1795.008,1807.575,37.1518
1671062400000,1807.585,1807.725,1773.608,1776.475,36.6928
1671148800000,1776.455,1794.198,1774.205,1792.598,32.4165
1671321600000,1792.257,1793.387,1790.895,1790.965,0.8768
1671408000000,1790.925,1798.637,1783.785,1787.125,26.9738
1671494400000,1787.105,1821.035,1784.505,1817.135,41.3248
1671580800000,1817.135,1823.685,1811.705,1814.845,30.4294
1671667200000,1814.825,1820.325,1784.627,1793.415,29.2458
1671753600000,1793.435,1803.095,1791.065,1798.198,26.9196
1672012800000,1800.047,1803.965,1799.687,1801.685,0.5853
1672099200000,1801.705,1833.215,1800.565,1812.335,31.2426
1672185600000,1812.315,1814.415,1796.905,1805.695,28.0665
1672272000000,1805.655,1820.015,1804.205,1814.895,27.4533
1672358400000,1814.905,1825.877,1813.175,1823.463,56.3691
1672617600000,1826.837,1829.958,1823.287,1829.295,1.6506
1672704000000,1829.285,1849.865,1826.685,1836.348,40.3801
1672790400000,1836.348,1865.035,1836.048,1854.648,44.5523
1672876800000,1854.615,1858.875,1824.995,1832.725,38.3776
1672963200000,1832.715,1869.765,1831.198,1865.598,41.1446
1673136000000,1867.537,1869.808,1864.477,1869.585,0.977
1673222400000,1869.595,1881.445,1866.975,1870.415,28.9776
1673308800000,1870.405,1880.635,1867.745,1877.165,32.5266
1673395200000,1877.125,1886.548,1867.015,1876.845,32.3864
1673481600000,1876.875,1901.475,1872.76,1897.955,35.4073
1673568000000,1897.965,1921.798,1892.205,1919.398,37.621
1673740800000,1920.337,1922.047,1916.795,1916.845,1.7198
1673827200000,1916.865,1928.885,1910.665,1917.845,22.6807
1673913600000,1917.855,1918.925,1903.675,1908.558,27.5633
1674000000000,1908.558,1925.798,1896.495,1906.795,42.0573
1674086400000,1906.825,1935.045,1900.855,1931.575,41.9817
1674172800000,1931.565,1937.435,1920.508,1925.298,31.2658
1674345600000,1926.128,1927.548,1923.608,1927.165,0.7346
1674432000000,1927.175,1935.445,1911.248,1931.225,35.2217
1674518400000,1931.235,1942.348,1917.065,1936.925,36.6496
1674604800000,1936.905,1948.725,1919.697,1948.175,28.1058
1674691200000,1948.195,1949.085,1918.627,1930.655,29.6957
1674777600000,1930.645,1934.918,1916.525,1927.598,30.4511
1674950400000,1927.108,1929.127,1925.378,1928.875,0.7692
1675036800000,1928.885,1934.425,1920.585,1921.985,24.2749
1675123200000,1922.015,1930.998,1900.665,1927.198,28.6355
1675209600000,1927.198,1956.025,1920.435,1952.985,36.3712
1675296000000,1952.985,1959.625,1911.225,1915.025,35.7342
1675382400000,1915.035,1918.485,1861.255,1864.548,38.6778
1675555200000,1864.508,1869.775,1859.647,1865.425,1.1283
1675641600000,1865.405,1881.198,1862.935,1868.445,31.3786
1675728000000,1868.465,1884.348,1864.898,1872.865,36.7899
1675814400000,1872.855,1886.345,1868.898,1874.855,27.1502
1675900800000,1874.855,1890.098,1858.855,1862.305,27.073
1675987200000,1862.305,1872.035,1852.588,1864.698,27.8367
1676160000000,1863.917,1865.178,1862.538,1862.598,0.8808
1676246400000,1862.565,1866.395,1850.325,1854.355,24.3939
1676332800000,1854.355,1870.467,1843.165,1854.825,40.7914
1676419200000,1854.815,1859.998,1830.475,1836.335,28.2941
1676505600000,1836.375,1845.158,1827.555,1834.255,26.6523
1676592000000,1834.255,1843.505,1818.805,1841.898,25.2247
1676764800000,1840.407,1841.798,1838.325,1838.595,0.5429
1676851200000,1838.585,1847.405,1837.145,1841.675,16.8566
1676937600000,1841.655,1843.738,1830.095,1835.435,31.1588
1677024000000,1835.425,1845.905,1823.425,1825.055,30.2695
1677110400000,1825.035,1833.685,1817.395,1823.115,27.2283
1677196800000,1823.115,1827.715,1808.865,1810.665,27.2825
1677369600000,1810.758,1812.985,1810.004,1811.625,0.6133
1677456000000,1811.615,1820.055,1806.538,1817.105,24.1877
1677542400000,1817.105,1831.045,1804.594,1825.395,27.9094
1677628800000,1825.374,1844.408,1822.938,1836.475,28.4922
1677715200000,1836.455,1838.865,1829.854,1837.765,31.9587
1677801600000,1837.755,1856.768,1837.675,1855.798,26.3215
1677974400000,1854.644,1855.314,1852.125,1852.255,0.5224
1678060800000,1852.255,1858.168,1845.015,1846.255,26.6364
1678147200000,1846.225,1851.555,1812.655,1813.865,26.576
1678233600000,1813.855,1824.185,1809.248,1815.175,24.9942
1678320000000,1815.195,1835.565,1811.805,1831.415,23.2825
1678406400000,1831.428,1870.065,1827.675,1867.448,46.7218
1678579200000,1872.398,1894.184,1872.398,1877.675,10.1973
1678665600000,1877.695,1914.475,1871.328,1912.005,58.2256
1678752000000,1912.005,1913.984,1895.228,1902.958,44.0635
1678838400000,1902.935,1937.295,1885.565,1921.105,49.4106
1678924800000,1921.125,1933.385,1907.455,1921.265,49.4817
1679011200000,1921.295,1988.998,1918.135,1987.798,43.9687
1679184000000,1984.148,1990.548,1974.845,1976.895,2.6386
1679270400000,1976.925,2009.695,1965.748,1976.525,43.7071
1679356800000,1976.545,1985.025,1935.194,1943.035,36.909
1679443200000,1943.035,1978.705,1934.175,1969.555,42.9691
1679529600000,1969.565,2003.185,1966.245,1991.205,43.5079
1679616000000,1991.205,2002.848,1975.085,1977.988,40.1664
1679788800000,1979.798,1979.798,1969.104,1975.665,1.6624
1679875200000,1975.645,1978.615,1943.895,1958.035,30.899
1679961600000,1958.005,1975.148,1949.028,1971.835,31.5852
1680048000000,1971.865,1972.735,1958.575,1963.145,28.6338
1680134400000,1963.195,1984.195,1955.204,1978.385,32.4635
1680220800000,1978.365,1987.485,1966.754,1968.748,33.8656
1680393600000,1972.298,1972.298,1956.794,1956.995,2.0518
1680480000000,1957.015,1990.365,1949.595,1984.848,34.9141
1680566400000,1984.825,2024.848,1976.825,2021.755,36.0354
1680652800000,2021.735,2031.968,2009.885,2020.165,29.5477
1680739200000,2020.175,2020.804,2001,2006.476,29.9167
1680998400000,1993.341,2006.355,1992.458,2005.358,1.0457
1681084800000,2005.415,2005.758,1981.545,1992.275,22.1089
1681171200000,1992.255,2007.348,1988.615,2004.615,22.3262
1681257600000,2004.638,2028.235,2001.225,2018.075,31.6518
1681344000000,2018.055,2048.538,2015.158,2039.675,28.6795
1681430400000,2039.645,2047.335,1992.285,2003.498,35.0676
1681603200000,1998.498,2004.874,1997.904,2002.765,1.1976
1681689600000,2002.814,2014.885,1980.974,1993.905,26.2619
1681776000000,1993.875,2011.748,1991.195,2005.608,23.1697
1681862400000,2005.605,2008.045,1969.155,1993.635,29.4826
1681948800000,1993.655,2012.255,1990.385,2005.195,25.8622
1682035200000,2005.205,2005.445,1971.515,1982.248,25.7789
1682208000000,1980.748,1985.298,1980.518,1984.605,0.7123
1682294400000,1984.545,1996.498,1973.995,1994.935,26.0764
1682380800000,1994.955,2003.798,1976.015,2000.125,33.6744
1682467200000,2000.115,2009.204,1983.198,1991.585,34.3484
1682553600000,1991.505,2003.258,1973.865,1986.825,40.8883
1682640000000,1986.785,1994.915,1975.905,1989.548,30.6619
1682812800000,1990.398,1991.755,1986.515,1986.748,0.6817
1682899200000,1986.725,2005.848,1976.925,1981.335,30.7609
1682985600000,1981.335,2019.248,1978.324,2015.785,32.3296
1683072000000,2015.795,2079.778,2007.414,2051.795,33.1107
1683158400000,2051.814,2059.525,2030.214,2049.755,49.5618
1683244800000,2049.774,2052.925,1999.455,2016.298,75.3018
1683417600000,2016.608,2018.124,2014.134,2015.975,1.9598
1683504000000,2015.964,2029.334,2015.064,2021.185,76.0143
1683590400000,2021.224,2037.494,2019.344,2036.204,89.6503
1683676800000,2036.244,2048.114,2021.434,2031.418,100.9518
1683763200000,2031.418,2041.214,2011.044,2016.224,128.8647
1683849600000,2016.274,2022.494,2000.825,2009.798,73.0583
1684022400000,2007.498,2011.885,2006.998,2009.504,1.4547
1684108800000,2009.504,2022.114,2008.595,2014.345,76.9116
1684195200000,2014.355,2018.235,1985.405,1989.625,96.7672
1684281600000,1989.625,1992.985,1974.935,1982.625,89.0369
1684368000000,1982.654,1985.944,1951.885,1958.295,51.31
1684454400000,1958.325,1984.075,1953.905,1977.448,28.7003
1684627200000,1976.478,1981.375,1976.478,1980.695,1.2245
1684713600000,1980.715,1982.505,1968.765,1969.645,26.0724
1684800000000,1969.695,1977.554,1954.084,1974.945,34.1635
1684886400000,1974.935,1985.194,1956.104,1959.715,28.9311
1684972800000,1959.725,1964.625,1938.658,1940.465,30.4035
1685059200000,1940.475,1957.215,1936.655,1945.788,30.6619
1685232000000,1942.078,1946.255,1941.098,1943.615,1.4735
1685318400000,1943.605,1949.575,1940.145,1941.338,14.0591
1685404800000,1941.344,1963.378,1931.905,1958.378,27.7392
1685491200000,1958.404,1974.628,1953.498,1966.245,30.6453
1685577600000,1966.225,1983.015,1953.255,1976.895,27.8496
1685664000000,1976.945,1983.315,1947.164,1947.738,27.8543
1685836800000,1947.045,1949.995,1946.788,1949.255,0.9075
1685923200000,1949.245,1963.955,1938.045,1961.195,22.7725
1686009600000,1961.215,1966.238,1954.255,1963.295,20.6135
1686096000000,1963.335,1970.085,1939.544,1944.405,22.8088
1686182400000,1944.415,1970.398,1942.725,1965.275,26.8677
1686268800000,1965.225,1972.928,1956.475,1960.798,20.4569
1686441600000,1959.324,1960.505,1957.844,1959.905,0.9305
1686528000000,1959.875,1966.865,1949.125,1959.855,23.4613
1686614400000,1959.825,1970.724,1939.935,1943.795,25.9208
1686700800000,1943.845,1960.205,1939.498,1945.185,26.3136
1686787200000,1945.175,1960.125,1924.898,1958.125,31.005
1686873600000,1958.115,1967.825,1953.165,1957.358,29.525
1687046400000,1957.198,1958.404,1956.148,1957.035,0.9368
1687132800000,1957.065,1958.685,1947.685,1952.385,17.5009
1687219200000,1952.375,1956.675,1929.705,1937.205,22.5963
1687305600000,1937.215,1939.375,1919.075,1933.755,25.4324
1687392000000,1933.815,1934.165,1912.224,1914.365,21.0472
1687478400000,1914.375,1937.238,1910.065,1920.388,23.0473
1687651200000,1924.948,1925.365,1922.534,1925.235,1.365
1687737600000,1925.275,1933.245,1920.855,1922.295,18.5536
1687824000000,1922.348,1930.585,1910.785,1915.385,22.1405
1687910400000,1915.395,1917.155,1902.695,1909.498,23.7571
1687996800000,1909.548,1912.995,1892.915,1908.625,27.6803
1688083200000,1908.625,1922.628,1900.465,1919.538,27.4567
1688256000000,1918.898,1919.565,1917.12,1918.105,1.4906
1688342400000,1918.125,1930.935,1909.965,1921.155,23.0968
1688428800000,1921.155,1930.615,1919.955,1926.245,18.1665
1688515200000,1926.245,1934.905,1914.244,1916.765,22.8271
1688601600000,1916.765,1927.505,1902.505,1911.495,27.8198
1688688000000,1911.545,1934.745,1909.525,1923.838,35.0818
1688860800000,1923.998,1928.075,1923.598,1924.775,1.379
1688947200000,1924.825,1926.835,1912.585,1924.735,20.5247
1689033600000,1924.765,1938.274,1924.355,1933.235,21.2875
1689120000000,1933.235,1959.595,1933.165,1957.685,25.1465
1689206400000,1957.675,1963.494,1952.245,1959.908,21.7293
1689292800000,1959.924,1963.585,1950.875,1954.748,19.852
1689465600000,1954.048,1955.694,1951.194,1953.265,1.017
1689552000000,1953.255,1959.745,1945.638,1955.355,17.9138
1689638400000,1955.345,1984.195,1954.585,1977.395,29.8148
1689724800000,1977.355,1980.775,1969.645,1977.695,20.0867
1689811200000,1977.635,1987.385,1965.198,1972.115,21.5573
1689897600000,1972.155,1973.705,1956.678,1961.428,17.7228
1690070400000,1961.498,1962.805,1960.285,1961.028,0.5985
1690156800000,1961.028,1967.725,1953.145,1954.345,19.9143
1690243200000,1954.365,1966.125,1951.898,1965.235,22.35
1690329600000,1965.235,1978.118,1961.945,1971.885,22.9308
1690416000000,1971.905,1982.085,1942.525,1947.385,26.5083
1690502400000,1947.355,1963.374,1945.925,1958.465,30.3244
1690675200000,1958.608,1960.455,1957.204,1957.875,0.8227
1690761600000,1957.865,1972.295,1950.655,1963.815,18.5798
1690848000000,1963.778,1964.595,1941.118,1952.045,18.5064
1690934400000,1952.055,1954.675,1932.885,1935.965,19.0366
1691020800000,1935.975,1938.815,1929.425,1935.745,20.3265
1691107200000,1935.745,1946.798,1924.898,1942.568,18.7573
1691280000000,1942.098,1946.605,1941.348,1943.785,1.0163
1691366400000,1943.785,1945.215,1931.365,1936.605,14.1337
1691452800000,1936.615,1937.255,1922.655,1925.408,17.4933
1691539200000,1925.405,1932.255,1913.505,1916.535,13.641
1691625600000,1916.565,1929.995,1910.694,1912.315,18.1275
1691712000000,1912.285,1920.815,1911.815,1913.378,14.6248
1691884800000,1912.255,1915.105,1911.915,1913.565,0.8552
1691971200000,1913.575,1916.135,1902.595,1907.505,13.6345
1692057600000,1907.475,1911.525,1896.215,1901.345,22.0749
1692144000000,1901.365,1907.095,1891.148,1893.165,19.6378
1692230400000,1893.165,1903.375,1884.925,1891.195,18.6266
1692316800000,1891.215,1896.678,1886.675,1889.258,13.5854
1692489600000,1889.335,1890.755,1888.685,1889.955,1.2846
1692576000000,1889.955,1898.665,1884.755,1894.655,15.1615
1692662400000,1894.655,1904.405,1889.018,1898.475,14.3241
1692748800000,1898.475,1920.275,1898.385,1917.805,17.0875
1692835200000,1917.815,1923.225,1911.655,1915.805,14.5211
1692921600000,1915.775,1922.265,1903.705,1914.778,16.081
1693094400000,1915.548,1916.148,1914.165,1914.905,1.0583
1693180800000,1914.895,1925.955,1912.675,1921.155,14.793
1693267200000,1921.185,1938.095,1914.355,1936.125,16.6703
1693353600000,1936.065,1948.965,1934.838,1944.145,21.8699
1693440000000,1944.245,1947.825,1938.864,1939.805,17.2496
1693526400000,1939.815,1952.905,1934.355,1939.238,27.1958
1693699200000,1939.948,1940.985,1939.274,1940.428,0.9203
1693785600000,1940.425,1946.185,1936.675,1937.515,11.8734
1693872000000,1937.515,1938.905,1925.205,1926.525,14.3411
1693958400000,1926.535,1929.055,1915.175,1917.055,15.5206
1694044800000,1917.025,1923.495,1916.095,1920.128,23.9661
1694131200000,1920.095,1929.595,1917.225,1918.258,12.4432
1694304000000,1919.865,1920.574,1916.584,1918.785,1.1144
1694390400000,1918.785,1930.558,1918.295,1921.545,12.3435
1694476800000,1921.545,1924.395,1907.478,1912.795,13.994
1694563200000,1912.785,1915.655,1905.555,1909.155,18.0539
1694649600000,1909.155,1912.825,1900.898,1909.745,25.774
1694736000000,1909.765,1930.308,1909.725,1922.738,18.1706
1694908800000,1923.408,1924.364,1922.378,1923.175,1.0633
1694995200000,1923.185,1934.425,1922.678,1934.055,13.7052
1695081600000,1934.065,1937.275,1929.675,1931.315,10.5473
1695168000000,1931.305,1947.315,1927.855,1929.308,19.0836
1695254400000,1929.278,1930.425,1913.808,1921.295,14.159
1695340800000,1921.315,1929.015,1921.145,1924.818,10.314
1695513600000,1924.335,1926.324,1924.315,1924.665,0.9321
1695600000000,1924.665,1927.115,1915.045,1916.165,15.6216
1695686400000,1916.145,1916.405,1899.005,1901.465,12.8553
1695772800000,1901.455,1903.825,1872.445,1877.505,17.9644
1695859200000,1877.515,1879.485,1857.565,1866.645,21.6134
1695945600000,1866.635,1879.765,1846.205,1848.098,16.1285
1696118400000,1847.268,1848.645,1845.595,1848.285,0.9538
1696204800000,1848.295,1848.835,1820.405,1824.845,17.4039
1696291200000,1824.818,1833.205,1815.245,1823.255,21.4469
1696377600000,1823.225,1830.455,1816.475,1822.425,19.2174
1696464000000,1822.445,1829.105,1812.924,1821.138,16.7747
1696550400000,1821.125,1834.725,1810.288,1832.698,19.6849
1696723200000,1847.405,1855.435,1845.235,1847.865,4.7501
1696809600000,1847.895,1863.395,1844.135,1862.418,14.8757
1696896000000,1862.405,1865.315,1852.888,1859.495,16.7986
1696982400000,1859.498,1877.105,1858.535,1875.195,20.4511
1697068800000,1875.215,1884.885,1867.825,1870.505,19.772
1697155200000,1870.515,1932.875,1870.045,1932.738,27.6083
1697328000000,1927.998,1929.355,1921.034,1925.765,2.5339
1697414400000,1925.775,1925.845,1908.085,1919.355,19.6412
1697500800000,1919.355,1931.414,1912.315,1924.548,23.0976
1697587200000,1924.565,1962.545,1923.678,1950.745,23.9022
1697673600000,1950.775,1982.205,1945.125,1977.035,26.5274
1697760000000,1977.038,1997.135,1971.905,1980.648,25.3211
1697932800000,1967.114,1978.535,1964.865,1971.445,1.2434
1698019200000,1971.445,1982.725,1964.275,1973.455,20.6153
1698105600000,1973.465,1980.735,1953.404,1972.725,20.9941
1698192000000,1972.745,1987.115,1962.854,1982.895,23.7626
1698278400000,1982.875,1993.385,1971.655,1984.345,23.0882
1698364800000,1984.345,2009.395,1976.755,2005.648,22.2965
1698537600000,2004.135,2006.648,1996.814,2002.695,3.1086
1698624000000,2002.725,2006.685,1990.835,1995.445,25.213
1698710400000,1995.338,2007.734,1978.735,1983.625,25.155
1698796800000,1983.625,1991.898,1969.815,1985.025,24.4814
1698883200000,1984.995,1990.935,1978.775,1984.885,17.3786
1698969600000,1984.895,2003.968,1983.155,1992.058,22.9975
1699142400000,1991.698,1992.748,1987.075,1988.415,0.6703
1699228800000,1988.405,1992.955,1975.725,1976.665,13.3562
1699315200000,1976.705,1976.985,1956.598,1968.808,20.0984
1699401600000,1968.798,1970.955,1947.325,1950.805,17.2141
1699488000000,1950.785,1965.498,1944.575,1959.055,20.9076
1699574400000,1959.055,1960.695,1932.865,1938.148,16.9722
1699747200000,1938.165,1940.935,1933.845,1940.248,0.7207
1699833600000,1940.205,1949.115,1931.515,1946.445,18.6832
1699920000000,1946.455,1970.835,1937.978,1962.375,19.1664
1700006400000,1962.415,1975.148,1955.325,1960.305,19.749
1700092800000,1960.275,1987.848,1956.365,1982.505,19.7889
1700179200000,1982.505,1993.335,1978.478,1980.398,17.7839
1700352000000,1977.698,1978.664,1974.145,1974.515,0.5094
1700438400000,1974.505,1985.085,1965.355,1981.195,19.3886
1700524800000,1981.175,2007.475,1980.635,1999.255,24.6346
1700611200000,1999.215,2006.318,1986.805,1990.348,23.8745
1700697600000,1990.308,1998.408,1989.715,1994.025,10.7689
1700784000000,1994.065,2003.515,1991.338,2000.505,15.5659
1700956800000,2000.995,2003.055,2000.398,2002.298,0.7437
1701043200000,2002.255,2018.085,2001.725,2015.115,19.8424
1701129600000,2015.115,2044.425,2011.478,2044.315,21.6102
1701216000000,2044.365,2051.865,2035.205,2044.595,27.0193
1701302400000,2044.605,2047.118,2031.258,2040.005,21.695
1701388800000,2040.065,2075.265,2033.805,2071.668,26.7381
1701561600000,2072.525,2145.135,2071.604,2117.915,4.9367
1701648000000,2118.065,2120.865,2019.925,2033.955,42.5877
1701734400000,2033.915,2041.155,2009.855,2018.875,30.6886
1701820800000,2018.855,2035.785,2018.665,2027.025,23.5758
1701907200000,2027.015,2039.778,2020.075,2028.015,26.3152
1701993600000,2028.015,2033.874,1994.555,2004.418,31.1904
1702166400000,2002.794,2007.535,2002.484,2006.935,0.8484
1702252800000,2006.965,2007.705,1975.725,1982.895,21.3072
1702339200000,1982.845,1996.625,1977.115,1982.415,22.0845
1702425600000,1982.445,2033.025,1972.935,2032.765,28.0234
1702512000000,2032.735,2047.775,2027.445,2035.445,36.3695
1702598400000,2035.545,2044.815,2015.515,2019.485,27.3677
1702771200000,2018.898,2020.675,2015.885,2017.345,0.5442
1702857600000,2017.345,2033.615,2015.925,2027.535,20.7617
1702944000000,2027.605,2046.905,2021.605,2040.865,20.8916
1703030400000,2040.815,2043.375,2027.258,2032.115,19.7256
1703116800000,2032.055,2054.875,2031.905,2052.675,34.305
1703203200000,2052.695,2070.525,2046.715,2052.908,50.8565
1703462400000,2053.025,2057.655,2052.895,2054.775,0.6804
1703548800000,2054.765,2068.948,2053.385,2066.048,18.9986
1703635200000,2066.065,2084.345,2061.385,2079.435,18.9248
1703721600000,2079.505,2088.355,2064.448,2066.655,32.4748
1703808000000,2066.645,2074.645,2058.105,2062.688,33.1929
1704067200000,2062.598,2066.595,2062.405,2063.615,0.468
1704153600000,2063.625,2078.825,2055.818,2059.455,28.2605
1704240000000,2059.475,2065.835,2030.515,2042.895,29.199
1704326400000,2042.865,2050.855,2036.155,2044.098,20.9149
1704412800000,2044.128,2063.838,2024.255,2045.355,32.1299
1704585600000,2044.385,2045.565,2042.805,2044.195,0.5798
1704672000000,2044.235,2046.525,2016.604,2030.665,26.1721
1704758400000,2030.665,2041.898,2026.015,2030.665,30.0289
1704844800000,2030.674,2040.135,2020.395,2026.695,25.3617
1704931200000,2026.735,2043.864,2013.225,2035.125,38.2024
1705017600000,2035.055,2062.145,2029.975,2048.675,31.5925
1705190400000,2048.498,2048.605,2046.235,2047.505,0.588
1705276800000,2047.525,2058.505,2045.675,2053.895,17.6171
1705363200000,2054.025,2054.435,2024.165,2028.045,36.0536
1705449600000,2028.055,2032.815,2001.755,2009.465,34.7277
1705536000000,2009.505,2024.555,2005.705,2023.675,23.4088
1705622400000,2023.675,2039.278,2020.325,2029.375,24.9602
1705795200000,2029.715,2029.715,2026.848,2027.535,0.4569
1705881600000,2027.505,2032.005,2016.448,2020.635,25.6309
1705968000000,2020.695,2037.808,2019.515,2029.255,25.7977
1706054400000,2029.255,2036.575,2011.105,2016.265,28.914
1706140800000,2016.305,2025.175,2009.455,2020.565,27.7149
1706227200000,2020.625,2026.715,2015.845,2017.915,19.826
1706400000000,2024.215,2028.384,2021.185,2021.775,1.1386
1706486400000,2021.855,2037.465,2019.195,2031.035,21.6838
1706572800000,2031.045,2048.448,2028.935,2036.335,26.595
1706659200000,2036.365,2055.878,2031,2039.825,32.9836
1706745600000,2039.855,2065.348,2029.905,2054.745,34.9049
1706832000000,2054.725,2057.545,2027.635,2039.275,31.4494
1707004800000,2040.054,2042.034,2038.854,2039.115,0.585
1707091200000,2039.155,2039.745,2014.835,2025.005,20.8876
1707177600000,2025.005,2038.785,2022.795,2035.175,20.1222
1707264000000,2035.135,2044.465,2030.505,2036.395,24.7419
1707350400000,2036.395,2038.635,2020.095,2034.185,23.1205
1707436800000,2034.205,2037.058,2020.195,2024.155,22.0023
1707609600000,2023.495,2026.708,2023.194,2025.345,0.7026
1707696000000,2025.375,2027.505,2011.795,2018.845,19.0675
1707782400000,2018.785,2032.845,1989.985,1991.435,19.8535
1707868800000,1991.425,1996.025,1984.088,1993.645,18.0697
1707955200000,1993.685,2008.175,1990.175,2003.345,20.2678
1708041600000,2003.445,2015.095,1994.985,2013.055,21.3849
1708214400000,2014.595,2016.245,2009.935,2013.695,1.1488
1708300800000,2013.644,2022.895,2013.185,2016.085,13.702
1708387200000,2016.115,2030.765,2014.945,2024.095,18.0334
1708473600000,2024.155,2032.195,2019.915,2025.658,20.1276
1708560000000,2025.658,2034.708,2019.555,2024.615,23.5024
1708646400000,2024.665,2041.285,2015.955,2035.215,22.8377
1708819200000,2034.295,2034.865,2032.638,2033.935,0.3462
1708905600000,2033.975,2036.965,2024.975,2031.205,21.5508
1708992000000,2031.185,2039.375,2028.725,2030.025,20.7538
1709078400000,2030.075,2037.805,2024.355,2034.518,17.973
1709164800000,2034.575,2050.605,2028.015,2044.185,23.1281
1709251200000,2044.165,2088.215,2038.915,2082.395,32.2921
1709424000000,2081.835,2086.145,2081.835,2083.445,0.7045
1709510400000,2083.445,2119.805,2079.308,2114.475,35.001
1709596800000,2114.455,2141.748,2110.375,2127.945,38.8338
1709683200000,2127.945,2152.085,2123.615,2147.275,42.5763
1709769600000,2147.205,2164.635,2144.048,2161.865,39.6528
1709856000000,2161.865,2195.085,2153.895,2178.965,46.917
1710028800000,2179.015,2183.735,2177.005,2181.545,0.972
1710115200000,2181.585,2188.925,2174.695,2183.555,30.1683
1710201600000,2183.555,2184.425,2150.455,2156.885,38.4948
1710288000000,2156.905,2179.745,2156.555,2175.345,41.3739
1710374400000,2175.315,2176.848,2152.665,2161.555,31.3192
1710460800000,2161.595,2172.615,2155.115,2155.625,23.9796
1710633600000,2155.395,2156.768,2151.435,2156.428,1.3587
1710720000000,2156.428,2163.455,2145.985,2162.035,31.2594
1710806400000,2162.085,2162.745,2147.045,2156.965,26.523
1710892800000,2156.985,2222.875,2149.475,2203.855,31.6092
1710979200000,2203.875,2212.275,2166.264,2181.735,40.2554
1711065600000,2181.735,2185.965,2157.035,2165.055,32.25
1711238400000,2165.475,2168.795,2165.085,2168.275,1.2401
1711324800000,2168.335,2181.205,2163.455,2172.815,24.6101
1711411200000,2172.795,2199.995,2167.458,2179.358,34.0821
1711497600000,2179.365,2197.505,2173.275,2190.545,26.226
1711584000000,2190.565,2236.015,2187.225,2232.698,37.6948
1711843200000,2238.435,2247.265,2234.845,2245.885,2.6946
1711929600000,2245.935,2265.585,2228.395,2248.885,33.1026
1712016000000,2248.865,2288.185,2246.585,2279.845,47.7293
1712102400000,2279.674,2302.555,2265.405,2297.445,57.724
1712188800000,2297.515,2305.425,2279.688,2288.635,35.6501
1712275200000,2288.675,2330.345,2267.605,2328.195,59.5919
1712448000000,2323.125,2328.255,2303.705,2311.115,4.5314
1712534400000,2311.195,2353.835,2302.755,2338.685,61.914
1712620800000,2338.685,2365.185,2337.725,2354.775,58.3828
1712707200000,2354.715,2360.065,2319.265,2335.435,63.8497
1712793600000,2335.495,2379.455,2325.655,2376.725,51.1426
1712880000000,2376.965,2431.385,2333.755,2343.285,71.5941
1713052800000,2352.098,2372.435,2346.735,2364.585,6.4691
1713139200000,2364.645,2392.035,2323.858,2381.825,71.83
1713225600000,2381.744,2398.128,2362.844,2382.575,88.4993
1713312000000,2382.585,2395.448,2354.435,2367.815,52.2812
1713398400000,2367.815,2392.624,2363.965,2379.795,57.6747
1713484800000,2379.685,2417.745,2372.805,2390.295,72.4354
1713657600000,2387.635,2388.425,2381.275,2386.405,1.3246
1713744000000,2386.405,2386.455,2324.555,2333.665,50.1863
1713830400000,2333.595,2334.305,2291.265,2323.155,82.1107
1713916800000,2323.215,2337.128,2311.635,2316.085,63.302
1714003200000,2316.085,2344.708,2304.898,2330.545,66.9941
1714089600000,2330.535,2352.418,2326.165,2337.245,51.5186
1714262400000,2336.065,2337.095,2332.405,2335.845,1.2777
1714348800000,2335.775,2346.585,2319.728,2333.025,51.2955
1714435200000,2333.005,2336.055,2284.975,2291.265,33.8097
1714521600000,2291.185,2328.225,2281.515,2323.638,61.9494
1714608000000,2323.678,2326.325,2285.358,2304.115,51.8656
1714694400000,2304.115,2320.548,2277.165,2301.175,55.7137
1714867200000,2304.655,2305.855,2293.185,2293.875,2.0637
1714953600000,2293.875,2331.988,2291.645,2325.935,57.7362
1715040000000,2325.975,2329.788,2309.818,2315.105,41.9807
1715126400000,2315.125,2321.345,2303.555,2308.695,27.7026
1715212800000,2308.795,2348.245,2306.615,2346.404,53.3358
1715299200000,2346.495,2378.365,2345.865,2360.175,51.6253
1715472000000,2362.895,2363.995,2359.625,2360.278,1.1551
1715558400000,2360.325,2364.355,2331.985,2338.275,43.5953
1715644800000,2338.275,2359.558,2334.695,2355.695,51.4192
1715731200000,2355.695,2391.815,2351.735,2391.715,61.371
1715817600000,2391.755,2397.275,2370.845,2377.705,50.8129
1715904000000,2377.785,2422.575,2373.788,2414.525,50.1622
1716076800000,2417.098,2425.195,2416.715,2420.185,1.4784
1716163200000,2420.185,2449.985,2407.145,2426.105,64.6903
1716249600000,2426.115,2433.838,2406.158,2421.494,60.2499
1716336000000,2421.564,2426.344,2374.855,2382.105,79.4531
1716422400000,2382.115,2383.605,2326.848,2331.908,74.7645
1716508800000,2331.908,2347.325,2325.265,2333.405,37.8048
1716681600000,2336.365,2340.588,2332.125,2337.105,1.2506
1716768000000,2337.135,2358.388,2334.328,2352.365,38.4511
1716854400000,2352.365,2363.975,2340.155,2359.685,44.5443
1716940800000,2359.495,2361.275,2334.438,2338.285,44.4098
1717027200000,2338.235,2351.698,2322.458,2343.864,54.857
1717113600000,2343.865,2359.598,2320.395,2326.995,55.2579
1717286400000,2327.425,2329.315,2323.205,2325.748,1.0698
1717372800000,2325.795,2354.565,2314.635,2350.488,63.4713
1717459200000,2350.485,2352.645,2315.508,2328.668,65.0312
1717545600000,2328.678,2357.785,2325.785,2354.935,54.6424
1717632000000,2354.935,2378.408,2353.305,2376.718,54.9394
1717718400000,2376.675,2387.595,2286.628,2293.415,70.8788
1717891200000,2294.415,2300.038,2288.755,2298.328,1.6268
1717977600000,2298.315,2313.655,2287.665,2309.798,40.0478
1718064000000,2309.825,2319.865,2297.595,2315.008,49.852
1718150400000,2315.055,2341.495,2310.584,2320.448,72.7973
1718236800000,2320.445,2326.495,2295.395,2302.208,70.2219
1718323200000,2302.145,2336.575,2301.415,2332.184,55.386
1718496000000,2331.098,2332.488,2327.228,2328.748,1.677
1718582400000,2328.748,2328.815,2309.895,2320.545,41.7516
1718668800000,2320.545,2333.008,2306.465,2328.195,46.3265
1718755200000,2328.215,2334.868,2323.984,2329.265,26.0468
1718841600000,2329.285,2365.375,2327.628,2360.715,50.6506
1718928000000,2360.728,2368.558,2316.588,2321.755,52.1096
1719100800000,2322.775,2322.775,2317.575,2319.085,0.9962
1719187200000,2318.995,2334.595,2317.818,2330.755,50.1121
1719273600000,2330.815,2337.018,2315.405,2319.898,54.3516
1719360000000,2319.845,2323.738,2293.464,2298.258,53.334
1719446400000,2298.288,2330.825,2296.425,2327.588,50.6496
1719532800000,2327.618,2339.635,2318.905,2326.275,52.4612
1719705600000,2326.315,2326.775,2322.505,2324.825,1.0438
1719792000000,2324.815,2338.388,2318.395,2332.138,47.374
1719878400000,2332.095,2336.668,2318.945,2330.138,47.0182
1719964800000,2330.115,2364.795,2326.685,2358.675,48.809
1720051200000,2358.725,2362.385,2350.364,2356.655,25.9714
1720137600000,2356.655,2392.815,2347.515,2390.705,52.9253
1720310400000,2385.498,2390.008,2384.625,2385.938,1.7011
1720396800000,2385.915,2390.935,2350.915,2361.655,49.6547
1720483200000,2361.645,2371.358,2349.455,2364.918,44.3068
1720569600000,2364.828,2386.548,2363.168,2372.694,42.3881
1720656000000,2372.708,2424.395,2371.375,2415.875,70.4316
1720742400000,2415.875,2418.128,2391.325,2410.534,52.562
1720915200000,2412.455,2414.855,2405.525,2408.545,1.4453
1721001600000,2408.575,2439.628,2401.225,2422.435,57.0822
1721088000000,2422.435,2469.865,2419.835,2468.175,63.7728
1721174400000,2468.148,2483.548,2451.425,2461.215,69.0132
1721260800000,2461.215,2474.805,2440.195,2441.148,59.9906
1721347200000,2441.148,2441.218,2393.675,2400.485,53.3098
1721520000000,2401.298,2411.815,2400.875,2411.435,2.4175
1721606400000,2411.435,2412.035,2383.715,2395.565,53.1374
1721692800000,2395.555,2411.908,2388.135,2408.408,63.2208
1721779200000,2408.408,2431.945,2392.895,2398.595,59.6852
1721865600000,2398.645,2399.935,2353.005,2363.635,75.2979
1721952000000,2363.685,2390.655,2355.728,2386.765,45.851
1722124800000,2387.645,2402.995,2387.115,2396.875,2.9285
1722211200000,2396.935,2402.395,2369.518,2380.988,53.303
1722297600000,2381.095,2412.705,2376.358,2409.675,58.8231
1722384000000,2409.715,2450.848,2403.765,2445.638,66.3364
1722470400000,2445.615,2462.125,2430.075,2445.705,84.6789
1722556800000,2445.705,2477.494,2410.664,2443.055,83.5542
1722729600000,2443.975,2447.345,2437.574,2440.865,4.7557
1722816000000,2440.865,2458.655,2364.164,2404.675,121.3513
1722902400000,2404.695,2418.215,2381.515,2383.748,82.4279
1722988800000,2383.735,2406.858,2378.868,2384.685,96.0894
1723075200000,2384.715,2427.848,2383.085,2424.445,72.0348
1723161600000,2424.485,2436.884,2416.815,2430.925,58.7872
1723334400000,2430.298,2433.305,2426.835,2427.765,1.2215
1723420800000,2427.835,2475.855,2423.695,2475.425,53.8522
1723507200000,2475.445,2476.845,2458.365,2463.975,55.2632
1723593600000,2463.985,2479.715,2438,2449.295,54.9566
1723680000000,2449.315,2469.945,2432.015,2457.195,59.0635
1723766400000,2457.225,2509.638,2450.565,2506.844,60.4404
1723939200000,2508.298,2509.998,2502.148,2506.305,2.3012
1724025600000,2506.325,2507.345,2485.515,2503.515,57.7503
1724112000000,2503.615,2531.558,2497.235,2512.795,68.9213
1724198400000,2512.795,2519.795,2493.698,2512.585,50.4707
1724284800000,2512.635,2514.545,2470.705,2487.475,51.1326
1724371200000,2487.475,2518.195,2486.355,2512.235,61.6923
1724544000000,2511.275,2516.585,2510.105,2515.785,2.1553
1724630400000,2515.795,2526.708,2508.585,2515.335,66.4982
1724716800000,2515.355,2528.888,2503.325,2525.178,59.8455
1724803200000,2525.155,2525.725,2493.515,2508.094,56.0755
1724889600000,2508.094,2528.558,2503.515,2519.435,52.1116
1724976000000,2519.455,2526.725,2494.048,2502.925,49.7109
1725148800000,2502.435,2504.545,2501.195,2502.885,1.0558
1725235200000,2502.875,2507.125,2489.915,2497.175,27.2386
1725321600000,2497.155,2506.165,2473.245,2493.155,49.1932
1725408000000,2493.115,2500.145,2471.718,2495.695,55.4819
1725494400000,2495.768,2523.448,2493.665,2517.125,51.4571
1725580800000,2517.155,2529.125,2485.015,2497.035,61.9326
1725753600000,2497.098,2498.124,2495.415,2496.745,1.4604
1725840000000,2496.775,2507.515,2485.405,2506.625,56.5213
1725926400000,2506.665,2518.688,2500.024,2518.555,49.5891
1726012800000,2518.498,2528.885,2500.825,2511.778,74.5576
1726099200000,2511.775,2559.978,2510.885,2558.344,65.43
1726185600000,2558.334,2585.965,2556.625,2577.615,74.5272
1726358400000,2578.725,2580.464,2577.384,2579.025,1.986
1726444800000,2579.015,2589.515,2575.115,2583.545,53.5326
1726531200000,2583.535,2586.835,2560.984,2573.885,55.3334
1726617600000,2573.875,2599.995,2546.645,2559.175,73.3503
1726704000000,2559.185,2594.775,2551.005,2587.135,72.2635
1726790400000,2587.125,2625.574,2584.654,2621.504,80.4059
1726963200000,2620.915,2622.615,2617.984,2620.165,2.8404
1727049600000,2620.155,2634.715,2613.685,2626.205,67.7864
1727136000000,2626.235,2664.204,2622.475,2658.035,80.0801
1727222400000,2658.035,2670.348,2649.715,2656.188,64.1355
1727308800000,2656.184,2685.405,2654.685,2672.495,78.3621
1727395200000,2672.495,2674.134,2643.111,2657.955,95.5005
1727568000000,2657.935,2664.905,2657.025,2663.418,3.6725
1727654400000,2663.418,2665.858,2624.538,2635.595,74.5723
1727740800000,2635.595,2672.908,2633.815,2660.218,59.156
1727827200000,2660.195,2663.194,2640.954,2660.135,51.4165
1727913600000,2660.135,2662.775,2636.255,2655.615,45.4057
1728000000000,2655.655,2670.065,2632.068,2653.545,52.8088
1728172800000,2650.375,2652.615,2648.875,2650.055,2.0929
1728259200000,2650.125,2659.465,2637.688,2642.855,47.9375
1728345600000,2642.895,2652.885,2604.575,2621.865,75.6162
1728432000000,2621.835,2624.165,2605.045,2608.645,48.6187
1728518400000,2606.925,2635.855,2601.734,2633.005,73.3668
1728604800000,2633.065,2661.258,2631.975,2656.835,48.6394
1728777600000,2656.298,2656.775,2644.985,2647.865,3.1363
1728864000000,2647.935,2666.705,2643.058,2649.255,39.3111
1728950400000,2649.255,2668.805,2637.955,2660.345,58.6435
1729036800000,2660.275,2685.298,2658.558,2673.998,50.2793
1729123200000,2674.035,2696.605,2672.914,2693.635,61.0363
1729209600000,2693.665,2722.405,2692.745,2721.105,66.0349
1729382400000,2720.098,2724.915,2719.448,2723.315,1.9938
1729468800000,2723.395,2740.418,2714.165,2721.325,70.781
1729555200000,2721.325,2748.775,2720.505,2746.408,58.4823
1729641600000,2746.385,2758.338,2708.635,2721.178,77.6713
1729728000000,2721.165,2743.175,2717.704,2733.688,65.5199
1729814400000,2733.658,2747.635,2716.885,2746.625,58.3819
1729987200000,2735.698,2740.095,2730.115,2735.655,3.9385
1730073600000,2735.695,2745.788,2724.545,2744.285,62.5242
1730160000000,2744.315,2775.265,2743.115,2774.885,65.429
1730246400000,2774.925,2789.925,2770.795,2785.258,66.0917
1730332800000,2785.274,2790.005,2731.415,2746.545,79.6321
1730419200000,2746.545,2762.048,2733.095,2735.895,80.4973
1730592000000,2733.298,2740.215,2730,2738.235,1.7413
1730678400000,2738.205,2748.015,2731.638,2735.855,54.0726
1730764800000,2735.895,2749.875,2724.695,2745.495,59.9117
1730851200000,2745.485,2749.605,2652.295,2663.875,113.5968
1730937600000,2663.885,2710.244,2643.134,2706.785,84.5428
1731024000000,2706.735,2710.235,2680.215,2684.035,80.2893
1731196800000,2683.898,2685.515,2678.898,2685.465,1.1777
1731283200000,2685.495,2686.025,2610.515,2623.855,87.3824
1731369600000,2623.855,2627.015,2589.508,2598.775,63.0793
1731456000000,2598.805,2618.628,2569.175,2570.694,78.4215
1731542400000,2570.698,2577.315,2536.664,2566.775,100.186
1731628800000,2566.745,2575.908,2554.335,2562.715,88.4266
1731801600000,2564.258,2575.338,2563.835,2571.255,1.8179
1731888000000,2571.245,2614.955,2569.735,2612.435,68.2439
1731974400000,2612.495,2639.325,2610.905,2635.015,76.6282
1732060800000,2635.015,2655.275,2618.705,2652.025,66.2735
1732147200000,2652.055,2673.385,2650.284,2669.018,64.5047
1732233600000,2669.008,2716.165,2668.718,2715.805,93.9406
1732406400000,2713.375,2721.185,2691.251,2719.725,2.1273
1732492800000,2719.705,2719.975,2605.085,2610.355,87.4123
1732579200000,2610.365,2641.774,2608.498,2632.105,82.6399
1732665600000,2632.145,2658.098,2626.935,2636.935,77.4849
1732752000000,2637.005,2649.518,2620.815,2638.615,47.0099
1732838400000,2638.615,2666.195,2633.925,2649.945,57.0471
1733011200000,2653.075,2653.115,2642.975,2645.595,1.3594
1733097600000,2645.748,2651.648,2622,2642.095,72.7416
1733184000000,2642.145,2655.528,2633.965,2642.595,82.8058
1733270400000,2642.605,2656.998,2632.315,2650.178,72.7899
1733356800000,2650.208,2655.445,2623.385,2633.635,77.6112
1733443200000,2633.625,2645.535,2612.585,2632.664,63.0162
1733616000000,2646.52,2648.105,2636.148,2639.935,1.3338
1733702400000,2639.925,2676.255,2627.455,2660.435,70.1712
1733788800000,2660.415,2698.195,2657.805,2695.798,63.793
1733875200000,2695.835,2721.005,2674.345,2719.835,109.275
1733961600000,2716.445,2717.325,2713.725,2715.505,2.6631
1734048000000,2680.534,2692.595,2645.945,2647.385,83.7649
1734220800000,2649.098,2652.845,2648.548,2651.345,0.9201
1734307200000,2651.285,2664.248,2643.374,2651.565,66.4539
1734393600000,2651.565,2658.465,2632.795,2647.198,71.0885
1734480000000,2647.165,2651.525,2582.264,2587.948,113.158
1734566400000,2587.948,2626.325,2586.815,2593.385,92.1317
1734652800000,2593.365,2631.698,2589.475,2622.435,68.3678
1734825600000,2623.698,2624.545,2621.224,2624.098,0.9314
1734912000000,2624.245,2633.135,2608.055,2615.348,68.2891
1734998400000,2615.348,2621.205,2609.935,2616.348,41.0512
1735084800000,2619.205,2619.825,2614.248,2618.205,0.6624
1735171200000,2618.274,2638.975,2618.205,2632.478,45.1584
1735257600000,2632.348,2638.105,2611.285,2621.348,53.2685
1735430400000,2620.154,2625.998,2618.914,2623.748,0.7497
1735516800000,2623.904,2627.985,2595.905,2606.548,74.4008
1735603200000,2606.504,2627.364,2602.475,2624.255,46.8268
1735689600000,2625.098,2626.005,2621.475,2623.555,0.7685
1735776000000,2623.655,2660.375,2622.448,2658.295,65.5524
1735862400000,2658.275,2665.185,2636.625,2639.898,64.4087
1736035200000,2639.298,2642.235,2638.815,2640.848,1.0754
1736121600000,2640.835,2649.305,2614.365,2634.465,72.426
1736208000000,2634.548,2664.098,2632.775,2649.555,59.1801
1736294400000,2649.465,2669.844,2645.095,2662.475,68.0481
1736380800000,2662.475,2678.395,2655.305,2669.795,61.4631
1736467200000,2669.865,2697.709,2663.205,2689.755,92.6534
1736640000000,2690.155,2690.868,2687.189,2690.868,1.1415
1736726400000,2690.819,2693.245,2656.615,2667.675,84.5571
1736812800000,2667.675,2679.198,2659.645,2675.415,68.4226
1736899200000,2675.455,2697.448,2669.315,2694.625,69.602
1736985600000,2694.625,2724.565,2689.725,2714.448,78.6075
1737072000000,2714.355,2717.375,2698.445,2702.645,59.4681
1737244800000,2701.105,2702.765,2690.875,2696.245,1.8328
1737331200000,2696.185,2713.655,2689.308,2710.205,42.0063
1737417600000,2710.179,2745.848,2702.745,2744.058,57.7712
1737504000000,2744.058,2763.205,2742.455,2755.188,49.1957
1737590400000,2755.098,2758.655,2735.665,2754.365,66.8824
1737676800000,2754.375,2785.825,2754.075,2769.805,62.8414
1737849600000,2770.305,2770.405,2764.455,2767.285,1.6954
1737936000000,2767.278,2772.415,2730.529,2741.615,57.0797
1738022400000,2741.615,2764.875,2734.738,2762.545,52.4905
1738108800000,2762.575,2765.985,2745,2760.035,67.4765
1738195200000,2760.035,2798.305,2758.475,2795.965,73.3728
1738281600000,2795.948,2816.935,2790.895,2798.085,74.3894
1738454400000,2793.987,2803.148,2782.548,2792.545,2.3127
1738540800000,2792.108,2830.305,2771.885,2813.548,75.2136
1738627200000,2813.525,2845.335,2806.925,2841.035,59.8067
1738713600000,2841.095,2882.215,2839.335,2868.985,48.5698
1738800000000,2868.985,2873.085,2833.955,2857.835,53.1928
1738886400000,2857.845,2886.605,2852.085,2860.135,49.7664
1739059200000,2858.065,2870.305,2854.448,2867.198,0.9777
1739145600000,2867.198,2921.455,2865.558,2917.655,58.9549
1739232000000,2917.685,2942.665,2881.635,2898.375,58.2006
1739318400000,2898.375,2909.035,2863.685,2905.498,50.95
1739404800000,2905.498,2932.215,2901.188,2930.935,45.0919
1739491200000,2930.935,2939.935,2876.805,2882.085,54.1757
1739664000000,2881.745,2893.405,2878.015,2879.075,1.493
1739750400000,2879.095,2906.215,2879.095,2899.175,33.7871
1739836800000,2899.135,2936.825,2891.775,2933.778,53.5567
1739923200000,2933.778,2946.865,2918.365,2935.085,51.3808
1740009600000,2935.125,2954.755,2923.945,2941.205,38.813
1740096000000,2941.255,2949.545,2916.615,2934.955,47.9198
1740268800000,2934.815,2940.068,2933.198,2936.635,1.0329
1740355200000,2936.485,2956.035,2921.055,2949.795,61.3262
1740441600000,2949.745,2952.405,2888.085,2918.405,61.0944
1740528000000,2918.485,2929.995,2890.588,2918.995,49.8791
1740614400000,2918.975,2918.975,2867.565,2875.815,60.1627
1740700800000,2875.825,2884.925,2832.455,2856.998,60.3648
1740873600000,2855.205,2876.905,2855.075,2870.608,2.4846
1740960000000,2870.608,2894.985,2858.735,2890.625,46.245
1741046400000,2890.605,2927.715,2881.648,2914.075,55.6823
1741132800000,2913.945,2929.748,2894.145,2918.165,80.543
1741219200000,2918.145,2926.425,2890.815,2910.058,54.4835
1741305600000,2910.058,2930.185,2895.698,2909.355,44.4111
1741478400000,2910.905,2916.678,2909.475,2915.908,1.7584
1741564800000,2915.908,2918.125,2879.935,2884.405,74.0115
1741651200000,2884.475,2922.048,2879.938,2915.148,50.7988
1741737600000,2915.148,2940.348,2905.755,2937.925,54.3797
1741824000000,2937.925,2989.785,2932.768,2986.195,56.3909
1741910400000,2986.175,3004.725,2978.085,2983.795,57.6622
1742083200000,2984.285,2993.905,2983.048,2989.915,2.47
1742169600000,2989.915,3002.665,2981.975,2999.518,46.7608
1742256000000,2999.508,3038.058,2999.258,3031.528,55.5744
1742342400000,3031.565,3051.758,3022.315,3049.875,47.5431
1742428800000,3049.895,3057.245,3025.428,3046.245,55.1298
1742515200000,3046.245,3047.265,2999.268,3022.705,48.9447
1742688000000,3020.155,3026.045,3020.155,3024.515,0.9375
1742774400000,3024.448,3033.135,3002.145,3009.595,51.1134
1742860800000,3009.615,3035.905,3007.315,3020.775,43.085
1742947200000,3020.765,3031.945,3012.125,3021.395,43.2452
1743033600000,3021.368,3059.518,3021.355,3055.275,46.6968
1743120000000,3055.185,3086.725,3054.685,3083.898,45.3186
1743292800000,3086.498,3097.715,3085.355,3088.898,2.0553
1743379200000,3088.845,3127.825,3076.485,3120.348,47.0508
1743465600000,3120.265,3148.835,3100.665,3114.998,51.671
1743552000000,3114.998,3167.548,3104.175,3162.475,45.5169
1743638400000,3162.455,3164.575,3053.935,3112.625,58.9976
1743724800000,3112.645,3136.435,3015.335,3037.998,63.9962
1743897600000,3006.765,3032.185,2976.585,2999.548,7.4838
1743984000000,2999.548,3055.18,2956.125,2981.075,76.9242
1744070400000,2980.985,3022.485,2969.605,2978.265,47.8995
1744156800000,2978.435,3099.465,2971.745,3086.495,70.9885
1744243200000,3086.495,3191.045,3078.105,3188.775,56.8699
1744329600000,3188.755,3245.025,3184.665,3236.375,50.9152
1744502400000,3229.155,3229.205,3209.205,3223.545,3.1471
1744588800000,3223.575,3245.515,3193.315,3212.395,41.2229
1744675200000,3212.375,3251.665,3209.685,3251.665,28.739
1744761600000,3251.655,3357.455,3251.455,3349.885,51.777
1744848000000,3349.925,3356.065,3283.345,3326.925,37.304
1745107200000,3331.835,3352.965,3327.985,3347.975,3.6246
1745193600000,3348.295,3444.045,3347.285,3434.954,40.7107
1745280000000,3434.986,3499.915,3312.625,3336.315,49.5186
1745366400000,3336.345,3386.375,3259.485,3316.145,50.8341
1745452800000,3316.165,3370.065,3306.245,3348.745,44.3023
1745539200000,3348.755,3362.685,3264.785,3318.625,39.3268
1745712000000,3324.265,3335.995,3298.275,3302.415,2.3252
1745798400000,3302.485,3352.835,3267.765,3337.325,37.4188
1745884800000,3337.285,3339.665,3299.325,3316.775,30.6601
1745971200000,3316.825,3327.865,3266.875,3272.545,53.0088
1746057600000,3272.575,3276.095,3201.685,3236.955,52.7684
1746144000000,3237.129,3268.805,3222.395,3239.415,37.6537
1746316800000,3239.195,3252.115,3236.745,3247.745,4.1152
1746403200000,3247.775,3337.495,3240.885,3333.765,37.5677
1746489600000,3333.665,3437.655,3321.108,3400.385,78.0172
1746576000000,3400.495,3401.075,3359.735,3376.015,49.3605
1746662400000,3376.259,3414.705,3288.445,3316.025,64.3041
1746748800000,3316.065,3347.365,3274.295,3323.345,46.04
1746921600000,3271.805,3292.675,3265.485,3287.315,5.6186
1747008000000,3287.375,3289.675,3207.495,3236.585,48.4065
1747094400000,3236.585,3265.405,3215.535,3253.925,38.1675
1747180800000,3254.145,3254.305,3167.545,3185.815,53.5561
1747267200000,3185.815,3251.805,3120.205,3236.845,58.3786
1747353600000,3236.815,3244.245,3153.475,3202.465,52.2224
1747526400000,3218.455,3245.025,3205.785,3234.265,8.0475
1747612800000,3234.295,3249.505,3206.305,3222.195,34.9658
1747699200000,3222.225,3303.765,3204.205,3290.435,47.4086
1747785600000,3290.385,3324.748,3285.105,3319.835,44.5494
1747872000000,3320.075,3345.198,3278.789,3299.748,49.0401
1747958400000,3299.825,3365.798,3286.765,3356.575,44.5543
1748131200000,3355.698,3356.085,3340.905,3342.298,2.5284
1748217600000,3342.425,3356.598,3323.298,3345.945,22.7257
1748304000000,3345.915,3349.748,3284.159,3309.148,34.3659
1748390400000,3309.148,3325.318,3249.725,3259.548,38.4891
1748476800000,3259.548,3330.775,3245.198,3315.395,46.1968
1748563200000,3315.395,3322.448,3271.095,3288.865,39.6432
1748736000000,3298.375,3316.448,3295.208,3309.935,3.1956
1748822400000,3309.955,3391.935,3301.195,3387.198,48.6701
1748908800000,3387.225,3388.398,3332.575,3359.698,41.0703
1748995200000,3359.698,3384.495,3343.448,3377.935,44.5393
1749081600000,3377.865,3403.178,3339.048,3361.648,43.3645
1749168000000,3361.648,3375.348,3306.915,3309.625,43.1145
1749340800000,3311.395,3320.985,3309.018,3317.798,1.9379
1749427200000,3317.905,3338.065,3293.198,3326.555,39.2516
1749513600000,3326.575,3348.895,3301.698,3327.755,41.7647
1749600000000,3327.825,3373.168,3319.405,3365.265,36.1732
1749686400000,3365.165,3398.745,3338.385,3395.545,41.4285
1749772800000,3395.425,3446.648,3391.465,3431.855,60.3874
1749945600000,3451.065,3451.065,3428.075,3444.015,3.7586
1750032000000,3443.998,3451.085,3382.525,3402.598,32.5351
1750118400000,3402.635,3403.098,3365.835,3387.155,34.4956
1750204800000,3387.098,3399.845,3362.355,3374.885,37.9068
1750291200000,3374.925,3387.798,3347.265,3368.585,29.3654
1750377600000,3368.585,3374.265,3340.175,3368.005,24.7366
1750550400000,3390.698,3396.648,3370.898,3372.498,2.9005
1750636800000,3372.455,3393.348,3341.095,3343.898,30.9992
1750723200000,3343.998,3357.615,3295.098,3324.015,32.9069
1750809600000,3323.975,3340.015,3311.705,3338.805,23.2461
1750896000000,3338.835,3350.025,3309.695,3318.498,31.6404
1750982400000,3318.395,3321.845,3255.485,3273.335,32.0796
1751155200000,3272.145,3281.298,3244.925,3263.585,2.3931
1751241600000,3263.555,3314.398,3259.195,3312.298,35.7174
1751328000000,3312.249,3357.865,3309.675,3337.875,39.4124
1751414400000,3337.935,3365.455,3327.275,3349.098,28.8634
1751500800000,3349.115,3363.545,3311.215,3330.648,31.4694
1751587200000,3330.565,3344.905,3325.615,3336.248,19.6535
1751760000000,3334.015,3342.348,3326.065,3328.655,1.194
1751846400000,3328.685,3345.548,3296.195,3334.398,45.6003
1751932800000,3334.398,3339.285,3286.905,3301.995,37.5015
1752019200000,3302.005,3320.955,3282.425,3317.425,36.129
1752105600000,3317.445,3330.085,3309.905,3323.555,31.2802
1752192000000,3323.505,3368.559,3323.345,3354.725,47.1776
1752364800000,3362.948,3373.705,3358.698,3367.498,2.1136
1752451200000,3367.498,3374.805,3340.755,3345.048,27.5476
1752537600000,3345.035,3366.148,3320.055,3330.798,28.4921
1752624000000,3330.825,3377.185,3319.499,3346.275,43.7518
1752710400000,3346.248,3347.165,3309.575,3340.055,29.9148
1752796800000,3340.095,3361.035,3331.645,3349.655,24.9819
1752969600000,3349.898,3350.015,3344.798,3348.898,0.7121
1753056000000,3348.835,3402.475,3347.418,3396.298,34.43
1753142400000,3396.298,3433.279,3383.115,3427.305,33.6634
1753228800000,3427.305,3438.655,3381.215,3389.885,42.2393
1753315200000,3389.985,3393.165,3351.168,3369.148,43.0914
1753401600000,3369.145,3373.295,3324.805,3335.575,31.8405
1753574400000,3316.938,3337.148,3316.938,3333.398,2.2865
1753660800000,3333.395,3345.145,3301.465,3312.405,29.2492
1753747200000,3312.385,3333.908,3307.815,3327.198,27.3337
1753833600000,3327.175,3333.815,3267.955,3285.075,46.5191
1753920000000,3285.045,3314.705,3282.535,3288.355,39.6015
1754006400000,3288.375,3363.425,3281.435,3362.425,42.0117
1754179200000,3364.698,3369.085,3354.315,3361.805,1.2549
1754265600000,3361.785,3385.205,3344.748,3377.198,31.6934
1754352000000,3377.198,3390.289,3349.639,3383.065,33.1169
1754438400000,3383.005,3385.098,3358.015,3369.905,28.9579
1754524800000,3369.935,3408.675,3364.895,3400.109,83.6755
1754611200000,3400.119,3404.213,3373.288,3398.579,167.3169
1754784000000,3397.298,3404.798,3389.359,3391.255,1.4793
1754870400000,3391.275,3391.425,3340.808,3348.848,66.0152
1754956800000,3348.848,3359.198,3330.898,3350.435,44.331
1755043200000,3350.435,3370.505,3342.439,3362.565,33.8692
1755129600000,3362.565,3374.555,3329.645,3335.248,41.0637
1755216000000,3335.245,3348.595,3332.155,3334.645,24.4264
1755388800000,3336.015,3338.848,3323.335,3326.895,1.0675
1755475200000,3326.945,3358.215,3326.625,3330.745,33.459
1755561600000,3330.725,3345.165,3312.665,3314.135,30.6079
1755648000000,3313.935,3351.935,3311.255,3346.765,31.4734
1755734400000,3346.735,3347.935,3324.948,3338.185,23.4529
1755820800000,3338.145,3378.585,3321.045,3371.235,32.5251
1755993600000,3370.835,3371.698,3365.685,3368.865,0.7524
1756080000000,3368.845,3376.135,3351.435,3354.648,18.9073
1756166400000,3354.725,3394.195,3351.175,3390.648,32.9695
1756252800000,3390.575,3399.175,3373.665,3395.465,29.6689
1756339200000,3395.485,3423.069,3384.445,3414.508,37.0782
1756425600000,3414.508,3453.565,3404.185,3446.805,44.5602
1756598400000,3445.648,3452.255,3441.825,3447.685,1.4974
1756684800000,3447.685,3489.595,3436.548,3478.965,37.9785
1756771200000,3478.915,3539.849,3469.805,3529.698,64.7906
1756857600000,3529.698,3578.175,3526.508,3560.175,52.3229
1756944000000,3560.215,3563.148,3510.425,3552.415,41.8405
1757030400000,3552.395,3599.905,3544.605,3585.195,46.9568
1757203200000,3582.104,3596.349,3577.698,3590.798,4.6801
1757289600000,3590.798,3646.115,3579.365,3634.735,44.2615
1757376000000,3634.695,3673.645,3618.505,3633.355,47.7281
1757462400000,3633.385,3657.238,3619.965,3644.685,30.6096
1757548800000,3644.705,3648.895,3611.465,3631.595,38.5513
1757635200000,3631.575,3656.435,3630.295,3642.635,28.8553
1757808000000,3643.605,3646.048,3636.665,3637.965,1.1273
1757894400000,3637.955,3685.345,3626.148,3676.598,32.4206
1757980800000,3676.598,3702.828,3674.455,3694.085,42.3501
1758067200000,3694.065,3707.308,3645.765,3668.748,49.343
1758153600000,3668.835,3672.785,3627.465,3639.895,39.3291
1758240000000,3639.985,3685.089,3631.938,3684.489,36.636
1758412800000,3686.698,3691.895,3683.365,3686.065,1.9893
1758499200000,3686.085,3748.948,3685.235,3747.598,37.6703
1758585600000,3747.598,3790.865,3736.455,3763.535,47.8303
1758672000000,3763.505,3778.998,3717.348,3742.815,44.1505
1758758400000,3742.775,3761.425,3721.915,3744.475,46.6348
1758844800000,3744.445,3783.595,3734.275,3759.005,42.3734
1759017600000,3756.045,3772.285,3755.898,3766.648,1.2655
1759104000000,3766.648,3834.005,3763.665,3832.655,45.4518
1759190400000,3832.685,3871.505,3792.875,3862.765,52.5723
1759276800000,3862.775,3895.145,3853.055,3863.165,43.403
1759363200000,3863.195,3896.958,3819.095,3862.145,42.6382
1759449600000,3862.105,3891.475,3837.785,3886.825,40.2545
1759622400000,3887.955,3920.485,3883.248,3909.355,3.8438
1759708800000,3909.425,3975.925,3898.658,3969.248,47.3633
1759795200000,3969.248,3995.775,3940.685,3994.145,50.1687
1759881600000,3994.098,4059.098,3984.045,4011.465,51.0384
1759968000000,4011.448,4057.765,3943.788,3989.548,64.8252
1760054400000,3989.399,4022.748,3946.675,4017.845,60.9383
1760227200000,4000.535,4059.938,4000.535,4034.705,5.0132
1760313600000,4034.885,4131.748,4024.295,4127.798,49.7122
1760400000000,4127.898,4179.355,4089.805,4161.325,68.6325
1760486400000,4161.305,4217.995,4153.465,4209.285,62.2171
1760572800000,4209.285,4379.125,4203.175,4365.225,67.0333
1760659200000,4365.205,4378.455,4185.425,4250.855,90.6051
1760832000000,4247.775,4273.685,4233.298,4237.605,4.1891
1760918400000,4237.625,4381.298,4218.505,4359.905,71.7372
1761004800000,4360.005,4372.108,4078.259,4092.618,86.1413
1761091200000,4092.618,4161.165,4003.298,4087.305,89.3236
1761177600000,4087.295,4154.435,4065.405,4121.375,55.9232
1761264000000,4121.405,4144.145,4043.618,4111.555,48.2479
1761436800000,4064.051,4108.598,4061.315,4064.165,3.8016
1761523200000,4064.275,4097.545,3971.068,3998.205,68.8303
1761609600000,3998.175,4019.405,3886.199,3964.535,51.8815
1761696000000,3964.535,4029.955,3916.348,3952.465,56.0582
1761782400000,3952.495,4045.925,3915.065,4036.345,63.45
1761868800000,4036.225,4039.135,3971.965,4001.505,50.5709
1762041600000,3983.498,3998.625,3977.415,3979.435,1.3583
1762128000000,3979.285,4030.385,3962.325,3996.925,56.0188
1762214400000,3996.975,4000.475,3928.475,3934.328,46.2066
1762300800000,3934.325,3990.235,3929.648,3973.515,33.4285
1762387200000,3973.475,4019.275,3964.355,3988.875,43.7758
1762473600000,3988.905,4027.225,3983.855,4000.289,34.3282
1762646400000,3997.898,4012.105,3996.698,4011.635,0.9056
1762732800000,4011.665,4122.515,4010.915,4119.705,37.6251
1762819200000,4119.995,4148.755,4096.845,4142.405,35.5998
1762905600000,4142.375,4211.495,4098.665,4190.975,55.2768
1762992000000,4190.965,4244.925,4144.965,4185.725,69.8107
1763078400000,4185.795,4211.015,4031.955,4082.019,60.82
1763251200000,4084.898,4106.295,4070.395,4096.198,1.7131
1763337600000,4096.248,4101.605,4006.735,4036.345,46.1241
1763424000000,4036.435,4082.275,3997.658,4076.635,50.6118
1763510400000,4076.595,4132.675,4055.248,4104.165,47.6081
1763596800000,4104.265,4109.805,4038.605,4078.675,63.95
1763683200000,4078.665,4100.839,4022.075,4064.279,63.5306
1763856000000,4070.098,4077.285,4064.745,4074.905,1.1902
1763942400000,4074.895,4144.148,4039.945,4143.498,52.1483
1764028800000,4143.298,4159.045,4109.415,4133.505,54.3701
1764115200000,4133.525,4173.145,4132.445,4164.248,38.4813
1764201600000,4163.825,4166.825,4142.425,4163.025,24.0515
1764288000000,4163.025,4226.735,4150.075,4218.959,34.5386
1764460800000,4222.298,4230.349,4204.348,4221.805,1.7221
1764547200000,4221.655,4264.385,4215.275,4227.248,56.8385
1764633600000,4227.348,4230.365,4163.458,4212.435,41.0534
1764720000000,4212.405,4241.235,4194.405,4206.985,48.8408
1764806400000,4206.955,4219.255,4175.005,4205.915,44.0139
1764892800000,4205.975,4259.105,4191.815,4197.405,49.4246
1765065600000,4199.615,4202.495,4193.385,4200.665,0.3104
1765152000000,4201.245,4218.755,4175.998,4194.535,36.323
1765238400000,4194.435,4221.345,4169.845,4210.448,45.6697
1765324800000,4210.448,4238.445,4181.565,4232.225,48.1299
1765411200000,4232.235,4285.705,4203.905,4275.905,45.5748
1765497600000,4275.905,4353.325,4256.845,4298.705,57.9453
1765670400000,4299.298,4308.195,4293.798,4301.975,1.0316
1765756800000,4302.155,4349.995,4285.055,4303.965,46.4068
1765843200000,4303.955,4334.935,4271.125,4307.695,47.79
1765929600000,4307.765,4348.675,4306.305,4338.648,46.5134
1766016000000,4338.648,4374.395,4308.285,4334.865,54.5847
1766102400000,4334.845,4356.365,4308.715,4338.669,39.1456
1766275200000,4338.898,4355.948,4336.635,4354.915,0.998
1766361600000,4354.885,4461.598,4354.885,4459.865,44.5624
1766448000000,4459.865,4510.175,4429.975,4503.125,54.3809
1766534400000,4503.095,4525.765,4447.895,4479.029,50.9264
1766620800000,4490.045,4499.625,4482.655,4494.785,1.4574
1766707200000,4494.875,4549.715,4491.535,4532.365,83.1241
1766880000000,4538.698,4549.298,4522.625,4526.448,3.4708
1766966400000,4526.448,4527.545,4300.698,4345.455,79.1537
1767052800000,4345.465,4403.998,4324.195,4338.655,74.9276
1767139200000,4338.655,4372.905,4273.805,4318.679,65.1993
1767225600000,4323.698,4351.005,4323.198,4347.805,0.863
1767312000000,4347.798,4401.928,4309.618,4331.575,44.2076
1767484800000,4360.875,4375.665,4344.425,4372.345,2.5305
1767571200000,4372.275,4459.815,4370.025,4440.285,59.6616
1767657600000,4440.285,4500.348,4427.725,4493.235,70.4107
1767744000000,4493.185,4495.595,4423.135,4463.205,56.9631
1767830400000,4463.145,4483.548,4407.485,4475.485,56.3438
1767916800000,4475.445,4516.898,4452.585,4509.015,56.5838
1768089600000,4520.298,4544.735,4511.898,4539.855,1.9448
1768176000000,4539.775,4629.975,4536.055,4599.095,57.3697
1768262400000,4599.205,4634.285,4569.185,4596.805,57.0872
1768348800000,4596.795,4642.695,4596.745,4615.015,52.7711
1768435200000,4614.935,4624.325,4580.815,4609.855,59.0485
1768521600000,4609.835,4620.035,4536.515,4595.515,49.4936
1768694400000,4625.755,4690.265,4618.988,4672.365,2.8176
1768780800000,4672.375,4681.735,4652.845,4665.135,30.6441
1768867200000,4665.145,4780.895,4659.245,4775.625,52.1181
1768953600000,4775.605,4888.075,4755.345,4777.915,55.7844
1769040000000,4777.875,4960.435,4772.185,4958.795,40.7459
1769126400000,4958.785,4989.675,4899.545,4983.785,38.1997
1769299200000,5003.285,5039.695,5001.098,5039.395,2.3352
1769385600000,5039.525,5110.885,4989.805,5043.195,65.6828
1769472000000,5043.225,5190.235,5013.595,5171.895,59.9634
1769558400000,5171.975,5596.805,5157.115,5512.255,77.4251
1769644800000,5512.795,5595.275,5098.765,5437.995,87.8864
1769731200000,5437.995,5450.745,4679.725,4895.118,119.6253
1769904000000,4817.598,4820.748,4694.575,4741.745,1.7657
1769990400000,4741.725,4884.248,4401.038,4773.935,132.1647
1770076800000,4773.975,4993.458,4744.808,4946.875,85.2151
1770163200000,4946.895,5091.395,4844.165,5011.895,67.1066
1770249600000,5011.705,5020.175,4702.915,4703.275,85.2318
1770336000000,4703.265,4970.898,4654.355,4964.298,58.4225
1770508800000,4980.098,5046.805,4962.605,5035.475,2.1799
1770595200000,5035.475,5086.265,4967.835,5031.245,45.8034
1770681600000,5031.095,5078.485,4998.685,5041.575,42.9627
1770768000000,5041.535,5118.815,5017.995,5060.785,42.4584
1770854400000,5060.625,5083.475,4877.255,4919.775,46.5436
1770940800000,4919.875,5045.965,4913.505,5040.285,39.958
1771113600000,5035.898,5051.678,5006.628,5019.898,1.8144
1771200000000,5019.655,5030.945,4964.868,4989.435,18.2225
1771286400000,4989.465,4991.005,4840.095,4858.815,42.5774
1771372800000,4858.855,5010.815,4857.848,4975.635,27.0939
1771459200000,4975.615,5022.015,4960.048,4987.445,26.9602
1771545600000,4987.508,5107.698,4981.315,5106.169,33.8109
1771718400000,5106.098,5171.565,5096.958,5165.025,2.0863
1771804800000,5164.255,5249.575,5121.818,5235.345,37.7324
1771891200000,5235.395,5237.825,5093.225,5146.365,40.3491
1771977600000,5146.395,5217.385,5136.535,5162.905,31.7464
1772064000000,5162.925,5205.215,5129.495,5184.345,37.7868
1772150400000,5184.375,5280.878,5166.535,5277.419,44.7819
1772323200000,5372.198,5392.995,5296.668,5386.545,3.1706
1772409600000,5386.675,5418.875,5260.095,5345.695,53.0467
1772496000000,5345.755,5379.755,4995.475,5125.035,67.2897
1772582400000,5125.015,5205.995,5105.348,5165.025,54.0222
1772668800000,5164.995,5194.615,5050.638,5085.885,46.5466
1772755200000,5085.835,5175.048,5062.125,5171.798,40.91
1772928000000,5178.935,5196.698,5043.468,5075.675,6.0477
1773014400000,5075.295,5155.825,5014.655,5139.475,50.1861
1773100800000,5139.305,5238.365,5124.465,5197.175,38.6322
1773187200000,5197.175,5223.015,5129.175,5134.205,39.94
1773273600000,5134.225,5191.388,5054.795,5097.775,36.7677
1773360000000,5097.725,5128.225,5009.495,5018.098,35.2072
1773532800000,5003.001,5029.945,4967.125,4997.255,4.3996
1773619200000,4997.275,5037.715,4970.115,5012.645,40.0247
1773705600000,5012.575,5044.355,4973.495,5002.695,31.5051
1773792000000,5002.705,5016.065,4803.845,4836.505,64.7124
1773878400000,4836.495,4866.995,4502.108,4643.325,65.5392
1773964800000,4643.205,4735.835,4477.125,4490.055,58.67
1774137600000,4470.705,4535.815,4448.835,4464.415,4.7961
1774224000000,4464.435,4512.665,4098.275,4440.915,91.0011
1774310400000,4440.895,4551.118,4305.565,4546.375,99.1169
1774396800000,4546.335,4602.125,4486.508,4497.875,55.4815
1774483200000,4497.845,4544.275,4350.995,4404.665,61.4889
1774569600000,4404.775,4554.965,4375.235,4492.375,44.3907
1774742400000,4491.518,4514.675,4443.485,4448.495,4.3254
1774828800000,4448.675,4580.465,4417.665,4513.325,45.6422
1774915200000,4513.375,4699.825,4482.115,4696.065,51.0389
1775001600000,4695.965,4800.185,4666.605,4783.698,44.9607
1775088000000,4783.655,4798.525,4553.158,4675.805,57.3212
1775347200000,4651.645,4664.715,4604.378,4610.078,4.8128
1775433600000,4610.078,4706.255,4600.385,4658.555,40.4194
1775520000000,4659.155,4836.105,4607.335,4832.958,65.3218
1775606400000,4832.958,4856.998,4699.235,4715.215,47.7961
